/*==============================================================*/
/* 	name:      Altas		                        */
/* Created on:     18/11/2012 07:38:47 p.m.                     */
/*==============================================================*/
use Planes_De_Estudio
go

INSERT INTO CARRERA VALUES('ADM','Administración')
INSERT INTO CARRERA VALUES('CON','Contaduría')
INSERT INTO CARRERA VALUES('COM','Computación')
INSERT INTO CARRERA VALUES('DER','Derecho')
INSERT INTO CARRERA VALUES('ECO','Economía')
INSERT INTO CARRERA VALUES('ACT','Actuaría')
INSERT INTO CARRERA VALUES('MAT','Matemáticas Aplicadas')
INSERT INTO CARRERA VALUES('EST','Estadística')
go

INSERT INTO MATERIA VALUES('MAT0','Algebra',9,1)
INSERT INTO MATERIA VALUES('MAT1','Calculo Diferencial',10,1)
INSERT INTO MATERIA VALUES('MAT2','Geometria Analitica',11,1)
INSERT INTO MATERIA VALUES('MAT3','Administracion',12,1)
INSERT INTO MATERIA VALUES('MAT4','Derecho laboral',9,1)
INSERT INTO MATERIA VALUES('MAT5','Costos',9,1)
INSERT INTO MATERIA VALUES('MAT6','Direccion',10,1)
INSERT INTO MATERIA VALUES('MAT7','Planeacion y control',11,0)
INSERT INTO MATERIA VALUES('MAT8','Conceptos Juridicos',12,1)
INSERT INTO MATERIA VALUES('MAT9','Matematicas Financieras',9,1)
INSERT INTO MATERIA VALUES('MAT10','Contabilidad I',9,0)
INSERT INTO MATERIA VALUES('MAT11','Cultura y Comunicación',10,0)
INSERT INTO MATERIA VALUES('MAT12','Algebra Lineal',11,1)
INSERT INTO MATERIA VALUES('MAT13','Calculo Integral',12,1)
INSERT INTO MATERIA VALUES('MAT14','Estatica',9,1)
INSERT INTO MATERIA VALUES('MAT15','Computación para ingenieros',9,1)
INSERT INTO MATERIA VALUES('MAT16','Etica Profesional',10,0)
INSERT INTO MATERIA VALUES('MAT17','Macroeconomia',11,1)
INSERT INTO MATERIA VALUES('MAT18','Sociologia',12,1)
INSERT INTO MATERIA VALUES('MAT19','Derecho Romano',9,1)
INSERT INTO MATERIA VALUES('MAT20','Derecho civil',9,1)
INSERT INTO MATERIA VALUES('MAT21','Teoria del estado',10,0)
INSERT INTO MATERIA VALUES('MAT22','Historia Economica',11,1)
INSERT INTO MATERIA VALUES('MAT23','Economia Politica',12,1)
INSERT INTO MATERIA VALUES('MAT24','Teoria economica',9,1)
INSERT INTO MATERIA VALUES('MAT25','Economia industrial',9,1)
INSERT INTO MATERIA VALUES('MAT26','Economia Agricola',10,0)
INSERT INTO MATERIA VALUES('MAT27','Analisis matematico',11,1)
INSERT INTO MATERIA VALUES('MAT28','Finanzas',12,1)
INSERT INTO MATERIA VALUES('MAT29','Demografia',9,1)
INSERT INTO MATERIA VALUES('MAT30','Pensiones privadas',9,0)
INSERT INTO MATERIA VALUES('MAT31','Variable Compleja',10,1)
INSERT INTO MATERIA VALUES('MAT32','Calidad total',11,1)
INSERT INTO MATERIA VALUES('MAT33','Pronosticos',12,1)
INSERT INTO MATERIA VALUES('MAT34','Sistemas inteligantes',9,0)
INSERT INTO MATERIA VALUES('MAT35','Distribuciones',9,1)
INSERT INTO MATERIA VALUES('MAT36','Modelos',10,1)
INSERT INTO MATERIA VALUES('MAT37','Estadistica aplicada',11,0)
go

INSERT INTO MAESTROS VALUES('AAA1','CHAVEZ NORMA')
INSERT INTO MAESTROS VALUES('AAA2','BAUTISTA MARGARITA')
INSERT INTO MAESTROS VALUES('AAA3','FONSECA OMAR')
INSERT INTO MAESTROS VALUES('AAA4','TORRES LUIS')
INSERT INTO MAESTROS VALUES('AAA5','PEREZ PABLO')
INSERT INTO MAESTROS VALUES('AAA6','MORALES NAVA')
INSERT INTO MAESTROS VALUES('AAA7','CASTAÑEDA ERIC')
INSERT INTO MAESTROS VALUES('AAA8','MORALES GUADALUPA')
INSERT INTO MAESTROS VALUES('AAA9','REYES CINTIA')
INSERT INTO MAESTROS VALUES('AAA10','GUZMAN MARTIN')
INSERT INTO MAESTROS VALUES('AAA11','VILLANUEVA MARTHA')
INSERT INTO MAESTROS VALUES('AAA12','CABALLERO RIVAS')
INSERT INTO MAESTROS VALUES('AAA13','REYES CORTEZ')
INSERT INTO MAESTROS VALUES('AAA14','MENA ALEJANDRO')
INSERT INTO MAESTROS VALUES('AAA15','LOPEZ MARCOS')
INSERT INTO MAESTROS VALUES('AAA16','FATIMA MOUMTADI')
INSERT INTO MAESTROS VALUES('AAA17','SOLORZANO JUAN')
INSERT INTO MAESTROS VALUES('AAA18','CUARON ALFONSO')
INSERT INTO MAESTROS VALUES('AAA19','RINCON PEDRO')
INSERT INTO MAESTROS VALUES('AAA20','ARZAMENDI SERGIO')
INSERT INTO MAESTROS VALUES('AAA21','DOMIGUEZ SUSANA')
INSERT INTO MAESTROS VALUES('AAA22','TREJO DANIEL')
INSERT INTO MAESTROS VALUES('AAA23','VAZQUEZ ANA')
INSERT INTO MAESTROS VALUES('AAA24','CEJUDO ARTURO')
INSERT INTO MAESTROS VALUES('AAA25','LICEA VICTOR')
INSERT INTO MAESTROS VALUES('AAA26','ARREDONDO ARTURO')
INSERT INTO MAESTROS VALUES('AAA27','JOYNER JUAN')
INSERT INTO MAESTROS VALUES('AAA28','SANDOVAL LAURA')
INSERT INTO MAESTROS VALUES('AAA29','CEJUDO ALBERTO')
INSERT INTO MAESTROS VALUES('AAA30','MERRIFIELD CLAUDIO')
go

INSERT INTO ALUMNO VALUES('410000000','ADM','AGUILAR CHALE JOSE JONATHAN',2)
INSERT INTO ALUMNO VALUES('410000001','ADM','ARZATE LUGARDO KEVIN OMAR',2)
INSERT INTO ALUMNO VALUES('410000002','ADM','BELMAN GALVAN OSCAR',3)
INSERT INTO ALUMNO VALUES('410000003','ADM','CABRERA PEÑA RODRIGO',2)
INSERT INTO ALUMNO VALUES('410000004','ADM','CASTILLO LEMUS MIGUEL ANDRES',2)
INSERT INTO ALUMNO VALUES('410000005','CON','DE LA CRUZ FRANCISCO',3)
INSERT INTO ALUMNO VALUES('410000006','CON','DIAZ RAMIREZ HUGO ALEJANDRO',2)
INSERT INTO ALUMNO VALUES('410000007','CON','FLORES BERMEO SONIA NOEMI',2)
INSERT INTO ALUMNO VALUES('410000008','CON','FLORES DIAZ RICARDO',3)
INSERT INTO ALUMNO VALUES('410000009','CON','GONZALEZ GONZALEZ RICARDO',2)
INSERT INTO ALUMNO VALUES('410000010','COM','GUZMAN VILLANUEVA JULIO CESAR',3)
INSERT INTO ALUMNO VALUES('410000011','COM','HERNANDEZ VALENCIA RICARDO',3)
INSERT INTO ALUMNO VALUES('410000012','COM','HERRERA LEDON JOSE',2)
INSERT INTO ALUMNO VALUES('410000013','DER','LEYVA GARCIA CID SANDRO',2)
INSERT INTO ALUMNO VALUES('410000014','DER','LOPEZ MANCILLA SARA',3)
INSERT INTO ALUMNO VALUES('410000015','DER','MARTINEZ CANTERA JOSE',2)
INSERT INTO ALUMNO VALUES('410000016','DER','MARTINEZ SALDIVAR MIRIAM',2)
INSERT INTO ALUMNO VALUES('410000017','DER','MARTINEZ VAZQUEZ FRANCISCO',3)
INSERT INTO ALUMNO VALUES('410000018','ECO','MAURILIO DIEGO',2)
INSERT INTO ALUMNO VALUES('410000019','ECO','MENDOZA BAUTISTA ESTHER',2)
INSERT INTO ALUMNO VALUES('410000020','COM','MARMOLEJO SERVIN GENARO',3)
INSERT INTO ALUMNO VALUES('410000021','ECO','MORALES GUZMAN ANA LAURA',2)
INSERT INTO ALUMNO VALUES('410000022','ECO','MORALES MANZANERO MARIANA MABEL',2)
INSERT INTO ALUMNO VALUES('410000023','ACT','OLVERA CAMBRON LUIS ANGEL',3)
INSERT INTO ALUMNO VALUES('410000024','ACT','PLIEGO VILLANUEVA ANDREA',2)
INSERT INTO ALUMNO VALUES('410000025','ACT','REYES VELAZQUEZ CHRISTIAN',2)
INSERT INTO ALUMNO VALUES('410000026','ACT','RIOS SOLTERO JORGE OCTAVIO',3)
INSERT INTO ALUMNO VALUES('410000027','MAT','ROBLEDO CARRANZA ESAI',2)
INSERT INTO ALUMNO VALUES('410000028','MAT','ROBLES MUÑOZ FERNANDO',2)
INSERT INTO ALUMNO VALUES('410000029','MAT','RODRIGUEZ CHAVEZ DANIEL',3)
INSERT INTO ALUMNO VALUES('410000030','MAT','ROMERO VELAZQUEZ DIANA',2)
INSERT INTO ALUMNO VALUES('410000031','MAT','SANCHEZ BENAVIDES EDUARDO',2)
INSERT INTO ALUMNO VALUES('410000032','EST','TAPIA MIRANDA ARIADNA',3)
INSERT INTO ALUMNO VALUES('410000033','EST','YEPEZ AGUILAR RICARDO',2)
INSERT INTO ALUMNO VALUES('410000034','EST','MARTINEZ SANCHEZ JOSE',2)
INSERT INTO ALUMNO VALUES('410000035','EST','CALIX OSCAR JAVIER',3)
INSERT INTO ALUMNO VALUES('410000036','EST','SANCHEZ GRANDE',2)
go

INSERT INTO CURSA VALUES('MAT0', '410000000',8,NULL)
INSERT INTO CURSA VALUES('MAT0', '410000001',9,NULL)
INSERT INTO CURSA VALUES('MAT0', '410000002',8,NULL)
INSERT INTO CURSA VALUES('MAT0', '410000003',8,NULL)
INSERT INTO CURSA VALUES('MAT0', '410000004',9,NULL)
INSERT INTO CURSA VALUES('MAT0', '410000005',8,NULL)
INSERT INTO CURSA VALUES('MAT0', '410000006',8,NULL)
INSERT INTO CURSA VALUES('MAT0', '410000007',9,NULL)
INSERT INTO CURSA VALUES('MAT0', '410000008',8,NULL)
INSERT INTO CURSA VALUES('MAT0', '410000009',8,NULL)
INSERT INTO CURSA VALUES('MAT0', '410000010',9,NULL)
INSERT INTO CURSA VALUES('MAT0', '410000011',8,NULL)
INSERT INTO CURSA VALUES('MAT0', '410000012',8,NULL)
INSERT INTO CURSA VALUES('MAT0', '410000013',9,NULL)
INSERT INTO CURSA VALUES('MAT0', '410000014',8,NULL)
INSERT INTO CURSA VALUES('MAT0', '410000015',8,NULL)
INSERT INTO CURSA VALUES('MAT0', '410000016',9,NULL)
INSERT INTO CURSA VALUES('MAT0', '410000017',8,NULL)
INSERT INTO CURSA VALUES('MAT0', '410000018',8,NULL)
INSERT INTO CURSA VALUES('MAT0', '410000019',9,NULL)
INSERT INTO CURSA VALUES('MAT0', '410000020',8,NULL)
INSERT INTO CURSA VALUES('MAT0', '410000021',9,NULL)
INSERT INTO CURSA VALUES('MAT0', '410000022',8,NULL)
INSERT INTO CURSA VALUES('MAT0', '410000023',8,NULL)
INSERT INTO CURSA VALUES('MAT0', '410000024',9,NULL)
INSERT INTO CURSA VALUES('MAT0', '410000025',8,NULL)
INSERT INTO CURSA VALUES('MAT0', '410000026',9,NULL)
INSERT INTO CURSA VALUES('MAT0', '410000027',8,NULL)
INSERT INTO CURSA VALUES('MAT0', '410000028',8,NULL)
INSERT INTO CURSA VALUES('MAT0', '410000029',9,NULL)
INSERT INTO CURSA VALUES('MAT0', '410000030',8,NULL)
INSERT INTO CURSA VALUES('MAT0', '410000031',9,NULL)
INSERT INTO CURSA VALUES('MAT0', '410000032',8,NULL)
INSERT INTO CURSA VALUES('MAT0', '410000033',8,NULL)
INSERT INTO CURSA VALUES('MAT0', '410000034',9,NULL)
INSERT INTO CURSA VALUES('MAT0', '410000035',8,NULL)
INSERT INTO CURSA VALUES('MAT0', '410000036',9,NULL)
INSERT INTO CURSA VALUES('MAT1', '410000000',6,NULL)
INSERT INTO CURSA VALUES('MAT1', '410000001',7,NULL)
INSERT INTO CURSA VALUES('MAT1', '410000002',8,NULL)
INSERT INTO CURSA VALUES('MAT1', '410000003',10,NULL)
INSERT INTO CURSA VALUES('MAT1', '410000004',9,NULL)
INSERT INTO CURSA VALUES('MAT1', '410000005',6,NULL)
INSERT INTO CURSA VALUES('MAT1', '410000006',7,NULL)
INSERT INTO CURSA VALUES('MAT1', '410000007',8,NULL)
INSERT INTO CURSA VALUES('MAT1', '410000008',10,NULL)
INSERT INTO CURSA VALUES('MAT1', '410000009',9,NULL)
INSERT INTO CURSA VALUES('MAT1', '410000010',6,NULL)
INSERT INTO CURSA VALUES('MAT1', '410000011',7,NULL)
INSERT INTO CURSA VALUES('MAT1', '410000012',8,NULL)
INSERT INTO CURSA VALUES('MAT1', '410000013',10,NULL)
INSERT INTO CURSA VALUES('MAT1', '410000014',9,NULL)
INSERT INTO CURSA VALUES('MAT1', '410000015',6,NULL)
INSERT INTO CURSA VALUES('MAT1', '410000016',7,NULL)
INSERT INTO CURSA VALUES('MAT1', '410000017',8,NULL)
INSERT INTO CURSA VALUES('MAT1', '410000018',10,NULL)
INSERT INTO CURSA VALUES('MAT1', '410000019',9,NULL)
INSERT INTO CURSA VALUES('MAT1', '410000020',6,NULL)
INSERT INTO CURSA VALUES('MAT1', '410000021',7,NULL)
INSERT INTO CURSA VALUES('MAT1', '410000022',8,NULL)
INSERT INTO CURSA VALUES('MAT1', '410000023',10,NULL)
INSERT INTO CURSA VALUES('MAT1', '410000024',9,NULL)
INSERT INTO CURSA VALUES('MAT1', '410000025',6,NULL)
INSERT INTO CURSA VALUES('MAT1', '410000026',7,NULL)
INSERT INTO CURSA VALUES('MAT1', '410000027',8,NULL)
INSERT INTO CURSA VALUES('MAT1', '410000028',10,NULL)
INSERT INTO CURSA VALUES('MAT1', '410000029',9,NULL)
INSERT INTO CURSA VALUES('MAT1', '410000030',6,NULL)
INSERT INTO CURSA VALUES('MAT1', '410000031',7,NULL)
INSERT INTO CURSA VALUES('MAT1', '410000032',8,NULL)
INSERT INTO CURSA VALUES('MAT1', '410000033',10,NULL)
INSERT INTO CURSA VALUES('MAT1', '410000034',9,NULL)
INSERT INTO CURSA VALUES('MAT1', '410000035',6,NULL)
INSERT INTO CURSA VALUES('MAT1', '410000036',7,NULL)
INSERT INTO CURSA VALUES('MAT2', '410000000',5,NULL)
INSERT INTO CURSA VALUES('MAT2', '410000001',6,NULL)
INSERT INTO CURSA VALUES('MAT2', '410000002',10,NULL)
INSERT INTO CURSA VALUES('MAT2', '410000003',10,NULL)
INSERT INTO CURSA VALUES('MAT2', '410000004',6,NULL)
INSERT INTO CURSA VALUES('MAT2', '410000005',10,NULL)
INSERT INTO CURSA VALUES('MAT2', '410000006',10,NULL)
INSERT INTO CURSA VALUES('MAT2', '410000007',6,NULL)
INSERT INTO CURSA VALUES('MAT2', '410000008',10,NULL)
INSERT INTO CURSA VALUES('MAT2', '410000009',10,NULL)
INSERT INTO CURSA VALUES('MAT2', '410000010',6,NULL)
INSERT INTO CURSA VALUES('MAT2', '410000011',10,NULL)
INSERT INTO CURSA VALUES('MAT2', '410000012',10,NULL)
INSERT INTO CURSA VALUES('MAT2', '410000013',6,NULL)
INSERT INTO CURSA VALUES('MAT2', '410000014',10,NULL)
INSERT INTO CURSA VALUES('MAT2', '410000015',10,NULL)
INSERT INTO CURSA VALUES('MAT2', '410000016',6,NULL)
INSERT INTO CURSA VALUES('MAT2', '410000017',10,NULL)
INSERT INTO CURSA VALUES('MAT2', '410000018',10,NULL)
INSERT INTO CURSA VALUES('MAT2', '410000019',6,NULL)
INSERT INTO CURSA VALUES('MAT2', '410000020',10,NULL)
INSERT INTO CURSA VALUES('MAT2', '410000021',10,NULL)
INSERT INTO CURSA VALUES('MAT2', '410000022',6,NULL)
INSERT INTO CURSA VALUES('MAT2', '410000023',10,NULL)
INSERT INTO CURSA VALUES('MAT2', '410000024',10,NULL)
INSERT INTO CURSA VALUES('MAT2', '410000025',6,NULL)
INSERT INTO CURSA VALUES('MAT2', '410000026',10,NULL)
INSERT INTO CURSA VALUES('MAT2', '410000027',10,NULL)
INSERT INTO CURSA VALUES('MAT2', '410000028',6,NULL)
INSERT INTO CURSA VALUES('MAT2', '410000029',10,NULL)
INSERT INTO CURSA VALUES('MAT2', '410000030',10,NULL)
INSERT INTO CURSA VALUES('MAT2', '410000031',6,NULL)
INSERT INTO CURSA VALUES('MAT2', '410000032',10,NULL)
INSERT INTO CURSA VALUES('MAT2', '410000033',10,NULL)
INSERT INTO CURSA VALUES('MAT2', '410000034',6,NULL)
INSERT INTO CURSA VALUES('MAT2', '410000035',10,NULL)
INSERT INTO CURSA VALUES('MAT2', '410000036',10,NULL)
INSERT INTO CURSA VALUES('MAT12', '410000010',10,1)
INSERT INTO CURSA VALUES('MAT13', '410000010',10,2)
INSERT INTO CURSA VALUES('MAT29', '410000010',10,3)
INSERT INTO CURSA VALUES('MAT11', '410000010',10,4)
INSERT INTO CURSA VALUES('MAT12', '410000020',10,1)
INSERT INTO CURSA VALUES('MAT13', '410000020',10,2)
INSERT INTO CURSA VALUES('MAT29', '410000020',10,3)
INSERT INTO CURSA VALUES('MAT11', '410000020',10,4)
go

INSERT INTO INCLUYE VALUES('MAT0','ADM',1)
INSERT INTO INCLUYE VALUES('MAT1','ADM',1)
INSERT INTO INCLUYE VALUES('MAT2','ADM',2)
INSERT INTO INCLUYE VALUES('MAT0','CON',1)
INSERT INTO INCLUYE VALUES('MAT1','CON',1)
INSERT INTO INCLUYE VALUES('MAT2','CON',2)
INSERT INTO INCLUYE VALUES('MAT0','COM ',1)
INSERT INTO INCLUYE VALUES('MAT1','COM ',1)
INSERT INTO INCLUYE VALUES('MAT2','COM ',2)
INSERT INTO INCLUYE VALUES('MAT0','DER',1)
INSERT INTO INCLUYE VALUES('MAT1','DER',1)
INSERT INTO INCLUYE VALUES('MAT2','DER',2)
INSERT INTO INCLUYE VALUES('MAT0','ECO ',1)
INSERT INTO INCLUYE VALUES('MAT1','ECO ',1)
INSERT INTO INCLUYE VALUES('MAT2','ECO ',2)
INSERT INTO INCLUYE VALUES('MAT0','ACT',1)
INSERT INTO INCLUYE VALUES('MAT1','ACT',1)
INSERT INTO INCLUYE VALUES('MAT2','ACT',2)
INSERT INTO INCLUYE VALUES('MAT0','MAT',1)
INSERT INTO INCLUYE VALUES('MAT1','MAT',1)
INSERT INTO INCLUYE VALUES('MAT2','MAT',2)
INSERT INTO INCLUYE VALUES('MAT0','EST',1)
INSERT INTO INCLUYE VALUES('MAT1','EST',1)
INSERT INTO INCLUYE VALUES('MAT2','EST',2)
INSERT INTO INCLUYE VALUES('MAT3','ADM',3)
INSERT INTO INCLUYE VALUES('MAT4','ADM',3)
INSERT INTO INCLUYE VALUES('MAT5','ADM',3)
INSERT INTO INCLUYE VALUES('MAT6','ADM',3)
INSERT INTO INCLUYE VALUES('MAT7','ADM',3)
INSERT INTO INCLUYE VALUES('MAT8','CON',3)
INSERT INTO INCLUYE VALUES('MAT9','CON',3)
INSERT INTO INCLUYE VALUES('MAT10','CON',3)
INSERT INTO INCLUYE VALUES('MAT11','COM',3)
INSERT INTO INCLUYE VALUES('MAT12','COM',3)
INSERT INTO INCLUYE VALUES('MAT13','COM',3)
INSERT INTO INCLUYE VALUES('MAT14','COM',3)
INSERT INTO INCLUYE VALUES('MAT15','COM',3)
INSERT INTO INCLUYE VALUES('MAT16','COM',3)
INSERT INTO INCLUYE VALUES('MAT17','DER',3)
INSERT INTO INCLUYE VALUES('MAT18','DER',3)
INSERT INTO INCLUYE VALUES('MAT19','DER',3)
INSERT INTO INCLUYE VALUES('MAT20','DER',8)
INSERT INTO INCLUYE VALUES('MAT21','DER',3)
INSERT INTO INCLUYE VALUES('MAT22','ECO',3)
INSERT INTO INCLUYE VALUES('MAT23','ECO',3)
INSERT INTO INCLUYE VALUES('MAT24','ECO',3)
INSERT INTO INCLUYE VALUES('MAT25','ECO',3)
INSERT INTO INCLUYE VALUES('MAT26','ECO',3)
INSERT INTO INCLUYE VALUES('MAT27','ACT',3)
INSERT INTO INCLUYE VALUES('MAT28','ACT',3)
INSERT INTO INCLUYE VALUES('MAT29','ACT',3)
INSERT INTO INCLUYE VALUES('MAT30','ACT',3)
INSERT INTO INCLUYE VALUES('MAT31','MAT',3)
INSERT INTO INCLUYE VALUES('MAT32','MAT',3)
INSERT INTO INCLUYE VALUES('MAT33','MAT',3)
INSERT INTO INCLUYE VALUES('MAT34','MAT',3)
INSERT INTO INCLUYE VALUES('MAT35','EST',3)
INSERT INTO INCLUYE VALUES('MAT36','EST',3)
INSERT INTO INCLUYE VALUES('MAT37','EST',3)
go

INSERT INTO IMPARTE VALUES('AAA1','MAT0')
INSERT INTO IMPARTE VALUES('AAA2','MAT1')
INSERT INTO IMPARTE VALUES('AAA3','MAT2')
INSERT INTO IMPARTE VALUES('AAA4','MAT3')
INSERT INTO IMPARTE VALUES('AAA5','MAT4')
INSERT INTO IMPARTE VALUES('AAA6','MAT5')
INSERT INTO IMPARTE VALUES('AAA7','MAT6')
INSERT INTO IMPARTE VALUES('AAA8','MAT7')
INSERT INTO IMPARTE VALUES('AAA9','MAT8')
INSERT INTO IMPARTE VALUES('AAA10','MAT9')
INSERT INTO IMPARTE VALUES('AAA11','MAT10')
INSERT INTO IMPARTE VALUES('AAA12','MAT11')
INSERT INTO IMPARTE VALUES('AAA13','MAT12')
INSERT INTO IMPARTE VALUES('AAA14','MAT13')
INSERT INTO IMPARTE VALUES('AAA15','MAT14')
INSERT INTO IMPARTE VALUES('AAA16','MAT15')
INSERT INTO IMPARTE VALUES('AAA17','MAT16')
INSERT INTO IMPARTE VALUES('AAA18','MAT17')
INSERT INTO IMPARTE VALUES('AAA19','MAT18')
INSERT INTO IMPARTE VALUES('AAA20','MAT19')
INSERT INTO IMPARTE VALUES('AAA21','MAT20')
INSERT INTO IMPARTE VALUES('AAA22','MAT21')
INSERT INTO IMPARTE VALUES('AAA23','MAT22')
INSERT INTO IMPARTE VALUES('AAA24','MAT23')
INSERT INTO IMPARTE VALUES('AAA25','MAT24')
INSERT INTO IMPARTE VALUES('AAA26','MAT25')
INSERT INTO IMPARTE VALUES('AAA27','MAT26')
INSERT INTO IMPARTE VALUES('AAA28','MAT27')
INSERT INTO IMPARTE VALUES('AAA29','MAT28')
INSERT INTO IMPARTE VALUES('AAA30','MAT29')
INSERT INTO IMPARTE VALUES('AAA1','MAT30')
INSERT INTO IMPARTE VALUES('AAA2','MAT31')
INSERT INTO IMPARTE VALUES('AAA3','MAT32')
INSERT INTO IMPARTE VALUES('AAA4','MAT33')
INSERT INTO IMPARTE VALUES('AAA5','MAT34')
INSERT INTO IMPARTE VALUES('AAA6','MAT35')
INSERT INTO IMPARTE VALUES('AAA7','MAT36')
INSERT INTO IMPARTE VALUES('AAA8','MAT37')
go